Relevant	Comment	Variant	Patient	Timepoint	Gene	Transcript	Chrom	Pos	Change	Quality	Filters	Depth	Alt Depth	VAF	Zygosity	HGVSc	HGVSp	Impact	Clinical Significance (Pubmed)	Consequences	Consequence	Sift	Polyphen	MAF	COSMIC	dbSNP	Pubmed	HGMD	Other_Genes
Y		chr12:49425447 CT/-	10460004	0	KMT2D	NM_003482.3	chr12	49425447	CT/-	0	PASS	918	199	0.216775599	unknown	NM_003482.3:c.13040_13041del	NP_003473.3:p.Gln4347ArgfsTer24	HIGH		frameshift_variant	Frameshift				COSM6906017				
Y		chr12:49431257 GGCCTGGGCAG/-	10460004	0	KMT2D	NM_003482.3	chr12	49431257	GGCCTGGGCAG/-	0	PASS	557	124	0.222621185	unknown	NM_003482.3:c.9872_9882del	NP_003473.3:p.Pro3291HisfsTer6	HIGH		frameshift_variant	Frameshift				COSM6960377, COSM6960378				
Y		chr12:49431257 GGCCTGGGCAG/-	10460004	1	KMT2D	NM_003482.3	chr12	49431257	GGCCTGGGCAG/-	0	PASS	998	28	0.028056112	unknown	NM_003482.3:c.9872_9882del	NP_003473.3:p.Pro3291HisfsTer6	HIGH		frameshift_variant	Frameshift				COSM6960377, COSM6960378				
Y		chr12:49431257 GGCCTGGGCAG/-	10460004	3	KMT2D	NM_003482.3	chr12	49431257	GGCCTGGGCAG/-	0	PASS	551	157	0.284936479	unknown	NM_003482.3:c.9872_9882del	NP_003473.3:p.Pro3291HisfsTer6	HIGH		frameshift_variant	Frameshift				COSM6960377, COSM6960378				
Y		chr12:49434561 AG/-	10090013	0	KMT2D	NM_003482.3	chr12	49434561	AG/-	0	PASS	279	87	0.311827957	unknown	NM_003482.3:c.6991_6992del	NP_003473.3:p.Leu2331AspfsTer45	HIGH		frameshift_variant	Frameshift				COSM6924420, COSM6924421				
Y		chr16:11000603 -/GCTGG	10010006	0	CIITA	NM_001286402.1	chr16	11000603	-/GCTGG	0	PASS	1387	303	0.218457102	unknown	NM_001286402.1:c.1259_1263dup	NP_001273331.1:p.Lys422TrpfsTer15	HIGH		frameshift_variant	Frameshift								
Y		chr16:11349011 GCTGGCG/-	10460015	0	SOCS1	NM_003745.1	chr16	11349011	GCTGGCG/-	0	PASS	547	17	0.031078611	unknown	NM_003745.1:c.319_325del	NP_003736.1:p.Arg107GlyfsTer9	HIGH		frameshift_variant	Frameshift								
Y		chr16:3790448 A/-	10010014	1	CREBBP	NM_004380.2	chr16	3790448	A/-	0	PASS	682	7	0.01026393	unknown	NM_004380.2:c.4085del	NP_004371.2:p.Val1362GlyfsTer14	HIGH		frameshift_variant	Frameshift								
Y		chr16:3790478 G/-	10090001	0	CREBBP	NM_004380.2	chr16	3790478	G/-	0	PASS	1545	10	0.006472492	unknown	NM_004380.2:c.4055del	NP_004371.2:p.Pro1352LeufsTer24	HIGH		frameshift_variant	Frameshift								
Y		chr16:3790524 G/-	10090001	0	CREBBP	NM_004380.2	chr16	3790524	G/-	0	PASS	1301	13	0.009992314	unknown	NM_004380.2:c.4009del	NP_004371.2:p.His1337ThrfsTer6	HIGH		frameshift_variant	Frameshift								
Y		chr17:7578188 -/A	10460004	0	TP53	NM_000546.5	chr17	7578188	-/A	0	PASS	326	123	0.377300613	heterozygous	NM_000546.5:c.661_662insT	NP_000537.3:p.Glu221ValfsTer4	HIGH		frameshift_variant	Frameshift								
Y		chr17:7578188 -/A	10460004	1	TP53	NM_000546.5	chr17	7578188	-/A	0	PASS	845	35	0.041420118	unknown	NM_000546.5:c.661_662insT	NP_000537.3:p.Glu221ValfsTer4	HIGH		frameshift_variant	Frameshift								
Y		chr17:7578188 -/A	10460004	3	TP53	NM_000546.5	chr17	7578188	-/A	0	PASS	312	107	0.342948718	unknown	NM_000546.5:c.661_662insT	NP_000537.3:p.Glu221ValfsTer4	HIGH		frameshift_variant	Frameshift								
Y		chr18:60985497 C/-	10090001	0	BCL2	NM_000633.2	chr18	60985497	C/-	0	PASS	784	7	0.008928571	unknown	NM_000633.2:c.403del	NP_000624.2:p.Glu135ArgfsTer8	HIGH		frameshift_variant	Frameshift								
Y		chr18:60985497 C/-	10090001	1	BCL2	NM_000633.2	chr18	60985497	C/-	0	PASS	639	8	0.012519562	unknown	NM_000633.2:c.403del	NP_000624.2:p.Glu135ArgfsTer8	HIGH		frameshift_variant	Frameshift								
Y		chr18:60985500 C/-	10010014	2	BCL2	NM_000633.2	chr18	60985500	C/-	0	PASS	896	7	0.0078125	unknown	NM_000633.2:c.400del	NP_000624.2:p.Val134TrpfsTer9	HIGH		frameshift_variant	Frameshift				COSM6986965, COSM6986966, COSM6986967				
Y		chr1:2492097 -/C	10010014	0	TNFRSF14	NM_003820.3	chr1	2492097	-/C	0	PASS	82	29	0.353658537	heterozygous	NM_003820.3:c.500dup	NP_003811.2:p.Thr169AspfsTer65	HIGH		frameshift_variant	Frameshift			0.000124		rs772088410			LOC115110
Y		chr7:2987297 G/-	10010014	3	CARD11	NM_001324281.1	chr7	2987297	G/-	0	PASS	394	8	0.020304569	unknown	NM_001324281.1:c.132del	NP_001311210.1:p.Tyr45ThrfsTer51	HIGH		frameshift_variant	Frameshift								
Y		chr8:8748664 -/T	10400005	1	MFHAS1	NM_004225.2	chr8	8748664	-/T	0	PASS	2623	12	0.004574914	unknown	NM_004225.2:c.1905dup	NP_004216.2:p.Arg636ThrfsTer12	HIGH		frameshift_variant	Frameshift								
Y		chr9:139405686 G/-	10040020	1	NOTCH1	NM_017617.4	chr9	139405686	G/-	0	PASS	471	7	0.014861996	unknown	NM_017617.4:c.2505del	NP_060087.3:p.Ser836AlafsTer40	HIGH		frameshift_variant	Frameshift								
Y		chr12:57496661 T/C	10460004	0	STAT6	NM_003153.4	chr12	57496661	T/C	0	PASS	284	60	0.211267606	unknown	NM_003153.4:c.1256A>G	NP_003144.3:p.Asp419Gly	MODERATE		missense_variant	Missense	deleterious	probably_damaging		COSM220668, COSM5652389				
Y		chr12:57496661 T/C	10460004	1	STAT6	NM_003153.4	chr12	57496661	T/C	0	PASS	545	12	0.022018349	unknown	NM_003153.4:c.1256A>G	NP_003144.3:p.Asp419Gly	MODERATE		missense_variant	Missense	deleterious	probably_damaging		COSM220668, COSM5652389				
Y		chr12:57496661 T/C	10460004	3	STAT6	NM_003153.4	chr12	57496661	T/C	0	PASS	249	61	0.24497992	unknown	NM_003153.4:c.1256A>G	NP_003144.3:p.Asp419Gly	MODERATE		missense_variant	Missense	deleterious	probably_damaging		COSM220668, COSM5652389				
Y	PREVIOUSLY REPORTED IN HAEM-ONC	chr15:45007891 T/G	10440010	0	B2M	NM_004048.2	chr15	45007891	T/G	0	PASS	594	250	0.420875421	heterozygous	NM_004048.2:c.338T>G	NP_004039.1:p.Val113Gly	MODERATE		missense_variant	Missense	deleterious	possibly_damaging		COSM1373130, COSM5144592				
Y		chr16:11348928 G/C	10460015	0	SOCS1	NM_003745.1	chr16	11348928	G/C	0	PASS	546	26	0.047619048	unknown	NM_003745.1:c.408C>G	NP_003736.1:p.His136Gln	MODERATE		missense_variant	Missense	tolerated	benign		COSM6212642				
Y		chr16:11348989 C/T	10460015	0	SOCS1	NM_003745.1	chr16	11348989	C/T	0	PASS	575	31	0.053913043	unknown	NM_003745.1:c.347G>A	NP_003736.1:p.Ser116Asn	MODERATE		missense_variant	Missense	deleterious	probably_damaging		COSM36144, COSM6986702				
Y	PREVIOUSLY REPORTED IN HAEM-ONC	chr16:11349082 C/T	10010014	0	SOCS1	NM_003745.1	chr16	11349082	C/T	0	PASS	55	11	0.2	unknown	NM_003745.1:c.254G>A	NP_003736.1:p.Ser85Asn	MODERATE		missense_variant	Missense	tolerated	possibly_damaging		COSM5947646				
Y		chr16:11349139 C/T	10010014	0	SOCS1	NM_003745.1	chr16	11349139	C/T	0	PASS	81	14	0.172839506	unknown	NM_003745.1:c.197G>A	NP_003736.1:p.Arg66His	MODERATE		missense_variant	Missense	deleterious	possibly_damaging		COSM4170735				
Y		chr16:11349221 G/A	10460015	0	SOCS1	NM_003745.1	chr16	11349221	G/A	0	PASS	317	20	0.063091483	unknown	NM_003745.1:c.115C>T	NP_003736.1:p.Pro39Ser	MODERATE		missense_variant	Missense	tolerated	benign						
Y		chr16:11349287 C/G	10460015	0	SOCS1	NM_003745.1	chr16	11349287	C/G	0	PASS	290	14	0.048275862	unknown	NM_003745.1:c.49G>C	NP_003736.1:p.Ala17Pro	MODERATE		missense_variant	Missense	tolerated	benign		COSM36153, COSM5620116, COSM5656338				
Y	PREVIOUSLY REPORTED IN HAEM-ONC	chr16:11349332 C/G	10440010	0	SOCS1	NM_003745.1	chr16	11349332	C/G	0	PASS	258	13	0.050387597	unknown	NM_003745.1:c.4G>C	NP_003736.1:p.Val2Leu	MODERATE		missense_variant	Missense	deleterious	benign		COSM1161155, COSM5656341, COSM6210419				
Y		chr17:62007460 C/A	10010024	0	CD79B	NM_001039933.2	chr17	62007460	C/A	0	PASS	782	23	0.029411765	unknown	NM_001039933.2:c.407G>T	NP_001035022.1:p.Gly136Val	MODERATE		missense_variant	Missense	deleterious	probably_damaging		COSM1750231				
Y		chr17:63010521 A/C	10040020	0	GNA13	NM_006572.5	chr17	63010521	A/C	0	PASS	1665	573	0.344144144	unknown	NM_006572.5:c.988T>G	NP_006563.2:p.Phe330Val	MODERATE		missense_variant	Missense	deleterious	probably_damaging						
Y		chr17:63010521 A/C	10040020	1	GNA13	NM_006572.5	chr17	63010521	A/C	0	PASS	2156	84	0.038961039	unknown	NM_006572.5:c.988T>G	NP_006563.2:p.Phe330Val	MODERATE		missense_variant	Missense	deleterious	probably_damaging						
Y		chr17:63010521 A/C	10040020	2	GNA13	NM_006572.5	chr17	63010521	A/C	0	PASS	2356	146	0.06196944	unknown	NM_006572.5:c.988T>G	NP_006563.2:p.Phe330Val	MODERATE		missense_variant	Missense	deleterious	probably_damaging						
Y		chr17:63010844 T/A	10040020	0	GNA13	NM_006572.5	chr17	63010844	T/A	0	PASS	806	219	0.271712159	unknown	NM_006572.5:c.665A>T	NP_006563.2:p.Asp222Val	MODERATE		missense_variant	Missense	deleterious	probably_damaging		COSM1580951, COSM4170814				
Y		chr17:63010844 T/A	10040020	1	GNA13	NM_006572.5	chr17	63010844	T/A	0	PASS	1024	34	0.033203125	unknown	NM_006572.5:c.665A>T	NP_006563.2:p.Asp222Val	MODERATE		missense_variant	Missense	deleterious	probably_damaging		COSM1580951, COSM4170814				
Y		chr17:63010844 T/A	10040020	2	GNA13	NM_006572.5	chr17	63010844	T/A	0	PASS	1065	64	0.060093897	unknown	NM_006572.5:c.665A>T	NP_006563.2:p.Asp222Val	MODERATE		missense_variant	Missense	deleterious	probably_damaging		COSM1580951, COSM4170814				
Y	PREVIOUSLY REPORTED IN HAEM-ONC	chr17:63010844 T/C	10090011	0	GNA13	NM_006572.5	chr17	63010844	T/C	0	PASS	1066	50	0.046904315	unknown	NM_006572.5:c.665A>G	NP_006563.2:p.Asp222Gly	MODERATE		missense_variant	Missense	deleterious	probably_damaging		COSM1580951, COSM4170814				
Y		chr17:7577535 C/A	10090001	0	TP53	NM_000546.5	chr17	7577535	C/A	0	PASS	140	32	0.228571429	unknown	NM_000546.5:c.746G>T	NP_000537.3:p.Arg249Met	MODERATE	likely_pathogenic, not_provided, uncertain_significance	missense_variant	Missense	deleterious	possibly_damaging		COSM129832, COSM129833, COSM1649403, COSM1728798, COSM326723, COSM326724, COSM3388182, COSM3403260, COSM375642, COSM375643, COSM43665, COSM43871, COSM44091, COSM44916, COSM5878478, COSM5878479	rs587782329	9569050, 24381225, 24487413, 24641375, 26619011		
Y		chr17:7577557 A/C	10010006	0	TP53	NM_000546.5	chr17	7577557	A/C	0	PASS	427	140	0.327868852	unknown	NM_000546.5:c.724T>G	NP_000537.3:p.Cys242Gly	MODERATE	likely_pathogenic, uncertain_significance	missense_variant	Missense	deleterious	probably_damaging		COSM11738, COSM1386619, COSM1386620, COSM1386621, COSM2744617, COSM342677, COSM342678, COSM342679, COSM3717643, COSM3717644, COSM3717645, COSM3717646, COSM3717647, COSM4271807, COSM44135, COSM44935, COSM45826, COSM4934767, COSM4934768	rs1057519982	26619011	CM107067	
Y		chr17:7578406 C/T	10010014	1	TP53	NM_000546.5	chr17	7578406	C/T	0	PASS	119	13	0.109243697	unknown	NM_000546.5:c.524G>A	NP_000537.3:p.Arg175His	MODERATE	likely_pathogenic, not_provided, pathogenic	missense_variant	Missense	tolerated	benign	0.0000088	COSM10648, COSM10718, COSM1640851, COSM1679508, COSM1679509, COSM1679510, COSM1679511, COSM1679512, COSM2744846, COSM2744847, COSM2744848, COSM2744849, COSM2744850, COSM2744851, COSM3355994, COSM4271918, COSM4336268, COSM45416, COSM99022, COSM99023, COSM99024, COSM99914	rs28934578	25105660, 26900293, 25157968, 21305319, 21264207, 16489069, 17606709, 18511570, 23161690, 24929325, 21761402, 16401470, 8649785, 9047394, 11101847, 15977174, 18391940, 19881536, 20128691, 20689556, 21343334, 22233476, 22698404, 23792586, 24573247, 28163917, 25404506	CM062017, CM951224	
Y		chr17:7578406 C/T	10010014	2	TP53	NM_000546.5	chr17	7578406	C/T	0	PASS	151	37	0.245033113	unknown	NM_000546.5:c.524G>A	NP_000537.3:p.Arg175His	MODERATE	likely_pathogenic, not_provided, pathogenic	missense_variant	Missense	tolerated	benign	0.0000088	COSM10648, COSM10718, COSM1640851, COSM1679508, COSM1679509, COSM1679510, COSM1679511, COSM1679512, COSM2744846, COSM2744847, COSM2744848, COSM2744849, COSM2744850, COSM2744851, COSM3355994, COSM4271918, COSM4336268, COSM45416, COSM99022, COSM99023, COSM99024, COSM99914	rs28934578	25105660, 26900293, 25157968, 21305319, 21264207, 16489069, 17606709, 18511570, 23161690, 24929325, 21761402, 16401470, 8649785, 9047394, 11101847, 15977174, 18391940, 19881536, 20128691, 20689556, 21343334, 22233476, 22698404, 23792586, 24573247, 28163917, 25404506	CM062017, CM951224	
Y		chr17:7578406 C/T	10010014	3	TP53	NM_000546.5	chr17	7578406	C/T	0	PASS	101	33	0.326732673	unknown	NM_000546.5:c.524G>A	NP_000537.3:p.Arg175His	MODERATE	likely_pathogenic, not_provided, pathogenic	missense_variant	Missense	tolerated	benign	0.0000088	COSM10648, COSM10718, COSM1640851, COSM1679508, COSM1679509, COSM1679510, COSM1679511, COSM1679512, COSM2744846, COSM2744847, COSM2744848, COSM2744849, COSM2744850, COSM2744851, COSM3355994, COSM4271918, COSM4336268, COSM45416, COSM99022, COSM99023, COSM99024, COSM99914	rs28934578	25105660, 26900293, 25157968, 21305319, 21264207, 16489069, 17606709, 18511570, 23161690, 24929325, 21761402, 16401470, 8649785, 9047394, 11101847, 15977174, 18391940, 19881536, 20128691, 20689556, 21343334, 22233476, 22698404, 23792586, 24573247, 28163917, 25404506	CM062017, CM951224	
Y		chr18:60985405 C/G	10010014	0	BCL2	NM_000633.2	chr18	60985405	C/G	0	PASS	632	62	0.098101266	unknown	NM_000633.2:c.495G>C	NP_000624.2:p.Glu165Asp	MODERATE		missense_variant	Missense	deleterious	possibly_damaging		COSM6931166, COSM6931167, COSM6931168				
Y		chr18:60985405 C/G	10010014	1	BCL2	NM_000633.2	chr18	60985405	C/G	0	PASS	439	7	0.01594533	unknown	NM_000633.2:c.495G>C	NP_000624.2:p.Glu165Asp	MODERATE		missense_variant	Missense	deleterious	possibly_damaging		COSM6931166, COSM6931167, COSM6931168				
Y	BASED ON CONSERVATION	chr18:60985416 C/T	10010014	0	BCL2	NM_000633.2	chr18	60985416	C/T	0	PASS	720	68	0.094444444	unknown	NM_000633.2:c.484G>A	NP_000624.2:p.Val162Ile	MODERATE		missense_variant	Missense	deleterious	possibly_damaging						
Y	BASED ON CONSERVATION	chr18:60985416 C/T	10010014	1	BCL2	NM_000633.2	chr18	60985416	C/T	0	PASS	553	7	0.012658228	unknown	NM_000633.2:c.484G>A	NP_000624.2:p.Val162Ile	MODERATE		missense_variant	Missense	deleterious	possibly_damaging						
Y	PREVIOUSLY REPORTED IN HAEM-ONC	chr18:60985508 G/A	10400005	0	BCL2	NM_000633.2	chr18	60985508	G/A	0	PASS	2442	17	0.006961507	unknown	NM_000633.2:c.392C>T	NP_000624.2:p.Ala131Val	MODERATE		missense_variant	Missense	tolerated	benign		COSM1580572, COSM220800, COSM220890, COSM220891, COSM220894, COSM4170906, COSM5948390, COSM5948391, COSM5948392				
Y	PREVIOUSLY REPORTED IN HAEM-ONC	chr18:60985508 G/T	10010014	0	BCL2	NM_000633.2	chr18	60985508	G/T	0	PASS	799	73	0.091364205	unknown	NM_000633.2:c.392C>A	NP_000624.2:p.Ala131Asp	MODERATE		missense_variant	Missense	tolerated	possibly_damaging		COSM1580572, COSM220800, COSM220890, COSM220891, COSM220894, COSM4170906, COSM5948390, COSM5948391, COSM5948392				
Y	PREVIOUSLY REPORTED IN HAEM-ONC	chr18:60985508 G/T	10010014	1	BCL2	NM_000633.2	chr18	60985508	G/T	0	PASS	587	7	0.011925043	unknown	NM_000633.2:c.392C>A	NP_000624.2:p.Ala131Asp	MODERATE		missense_variant	Missense	tolerated	possibly_damaging		COSM1580572, COSM220800, COSM220890, COSM220891, COSM220894, COSM4170906, COSM5948390, COSM5948391, COSM5948392				
Y	PREVIOUSLY REPORTED IN HAEM-ONC	chr18:60985580 C/A	10010014	0	BCL2	NM_000633.2	chr18	60985580	C/A	0	PASS	502	47	0.093625498	unknown	NM_000633.2:c.320G>T	NP_000624.2:p.Arg107Leu	MODERATE		missense_variant	Missense	tolerated	benign		COSM220859, COSM220860				
Y	BASED ON CONSERVATION	chr18:60985590 A/G	10010014	0	BCL2	NM_000633.2	chr18	60985590	A/G	0	PASS	464	36	0.077586207	unknown	NM_000633.2:c.310T>C	NP_000624.2:p.Phe104Leu	MODERATE		missense_variant	Missense	tolerated	benign						
Y	SPLICE SITE	chr18:60985639 G/C	10010014	0	BCL2	NM_000633.2	chr18	60985639	G/C	0	PASS	352	22	0.0625	unknown	NM_000633.2:c.261C>G	NP_000624.2:p.Ser87Arg	MODERATE		missense_variant	Missense	tolerated	benign	0.0000588	COSM220916, COSM220917, COSM220957, COSM220958, COSM6206630, COSM6986971, COSM6986972, COSM6986973	rs770293857			
Y	PREVIOUSLY REPORTED IN HAEM-ONC	chr18:60985757 A/C	10010014	0	BCL2	NM_000633.2	chr18	60985757	A/C	0	PASS	183	8	0.043715847	unknown	NM_000633.2:c.143T>G	NP_000624.2:p.Ile48Ser	MODERATE		missense_variant	Missense	tolerated	benign		COSM6987628, COSM6987629, COSM6987630				
Y	PREVIOUSLY REPORTED IN HAEM-ONC	chr18:60985806 C/T	10010014	0	BCL2	NM_000633.2	chr18	60985806	C/T	0	PASS	220	10	0.045454545	unknown	NM_000633.2:c.94G>A	NP_000624.2:p.Ala32Thr	MODERATE		missense_variant	Missense	tolerated	benign		COSM1580576, COSM1580577, COSM1580578				
Y	PREVIOUSLY REPORTED IN HAEM-ONC	chr18:60985808 T/G	10460004	0	BCL2	NM_000633.2	chr18	60985808	T/G	0	PASS	1082	467	0.431608133	heterozygous	NM_000633.2:c.92A>C	NP_000624.2:p.Asp31Ala	MODERATE		missense_variant	Missense	tolerated	benign		COSM6986738, COSM6986739, COSM6986740				
Y	PREVIOUSLY REPORTED IN HAEM-ONC	chr18:60985808 T/G	10460004	1	BCL2	NM_000633.2	chr18	60985808	T/G	0	PASS	1195	81	0.067782427	unknown	NM_000633.2:c.92A>C	NP_000624.2:p.Asp31Ala	MODERATE		missense_variant	Missense	tolerated	benign		COSM6986738, COSM6986739, COSM6986740				
Y	PREVIOUSLY REPORTED IN HAEM-ONC	chr18:60985808 T/G	10460004	3	BCL2	NM_000633.2	chr18	60985808	T/G	0	PASS	748	326	0.435828877	heterozygous	NM_000633.2:c.92A>C	NP_000624.2:p.Asp31Ala	MODERATE		missense_variant	Missense	tolerated	benign		COSM6986738, COSM6986739, COSM6986740				
Y		chr18:60985809 C/G	10010014	0	BCL2	NM_000633.2	chr18	60985809	C/G	0	PASS	220	10	0.045454545	unknown	NM_000633.2:c.91G>C	NP_000624.2:p.Asp31His	MODERATE		missense_variant	Missense	deleterious	possibly_damaging	0.0007271	COSM1580579, COSM1580580, COSM1580581, COSM220811, COSM6212362, COSM6212363	rs766508625			
Y	BASED ON CONSERVATION	chr18:60985847 T/A	10010014	0	BCL2	NM_000633.2	chr18	60985847	T/A	0	PASS	207	7	0.033816425	unknown	NM_000633.2:c.53A>T	NP_000624.2:p.Tyr18Phe	MODERATE		missense_variant	Missense	tolerated	possibly_damaging						
Y	PREVIOUSLY REPORTED IN HAEM-ONC	chr18:60985861 C/G	10010014	0	BCL2	NM_000633.2	chr18	60985861	C/G	0	PASS	190	7	0.036842105	unknown	NM_000633.2:c.39G>C	NP_000624.2:p.Glu13Asp	MODERATE		missense_variant	Missense	tolerated	benign		COSM1580585, COSM220848, COSM220849, COSM5948003, COSM5948004, COSM5948005				
Y		chr18:60985869 T/A	10010014	0	BCL2	NM_000633.2	chr18	60985869	T/A	0	PASS	179	7	0.039106145	unknown	NM_000633.2:c.31A>T	NP_000624.2:p.Asn11Tyr	MODERATE		missense_variant	Missense	deleterious	probably_damaging		COSM220810				
Y	BASED ON CONSERVATION	chr18:60985875 A/C	10010014	0	BCL2	NM_000633.2	chr18	60985875	A/C	0	PASS	175	7	0.04	unknown	NM_000633.2:c.25T>G	NP_000624.2:p.Tyr9Asp	MODERATE		missense_variant	Missense	deleterious	probably_damaging		COSM7289172, COSM7289173, COSM7289174				
Y	PREVIOUSLY REPORTED IN HAEM-ONC	chr18:60985881 T/C	10010014	0	BCL2	NM_000633.2	chr18	60985881	T/C	0	PASS	166	7	0.042168675	unknown	NM_000633.2:c.19A>G	NP_000624.2:p.Thr7Ala	MODERATE		missense_variant	Missense	tolerated	benign		COSM4170957, COSM4170958, COSM4170959, COSM6987684, COSM6987685, COSM6987686				
Y		chr18:60985884 T/C	10040020	0	BCL2	NM_000633.2	chr18	60985884	T/C	0	PASS	888	379	0.426801802	heterozygous	NM_000633.2:c.16A>G	NP_000624.2:p.Arg6Gly	MODERATE		missense_variant	Missense	tolerated	benign		COSM4170963, COSM4170964, COSM4170965, COSM6207657, COSM6207658, COSM6207659				
Y		chr18:60985884 T/C	10040020	1	BCL2	NM_000633.2	chr18	60985884	T/C	0	PASS	1046	61	0.0583174	unknown	NM_000633.2:c.16A>G	NP_000624.2:p.Arg6Gly	MODERATE		missense_variant	Missense	tolerated	benign		COSM4170963, COSM4170964, COSM4170965, COSM6207657, COSM6207658, COSM6207659				
Y		chr18:60985884 T/C	10040020	2	BCL2	NM_000633.2	chr18	60985884	T/C	0	PASS	1191	102	0.085642317	unknown	NM_000633.2:c.16A>G	NP_000624.2:p.Arg6Gly	MODERATE		missense_variant	Missense	tolerated	benign		COSM4170963, COSM4170964, COSM4170965, COSM6207657, COSM6207658, COSM6207659				
Y		chr19:11144111 C/T	10090013	0	SMARCA4	NM_001128844.1	chr19	11144111	C/T	0	PASS	277	39	0.140794224	unknown	NM_001128844.1:c.3692C>T	NP_001122316.1:p.Ala1231Val	MODERATE		missense_variant	Missense	deleterious	possibly_damaging						
Y	PREVIOUSLY REPORTED IN HAEM-ONC	chr1:226923688 G/C	10010014	0	ITPKB	NM_002221.3	chr1	226923688	G/C	0	PASS	324	51	0.157407407	unknown	NM_002221.3:c.1472C>G	NP_002212.3:p.Pro491Arg	MODERATE		missense_variant	Missense	deleterious_low_confidence	benign		COSM5714526, COSM5714527, COSM5714528				
Y	PREVIOUSLY REPORTED IN HAEM-ONC	chr1:226924324 C/T	10460015	0	ITPKB	NM_002221.3	chr1	226924324	C/T	0	PASS	1400	83	0.059285714	unknown	NM_002221.3:c.836G>A	NP_002212.3:p.Gly279Asp	MODERATE		missense_variant	Missense	tolerated_low_confidence	benign		COSM1961891, COSM4232680				
Y		chr1:237802356 C/A	10460015	0	RYR2	NM_001035.2	chr1	237802356	C/A	0	PASS	1020	56	0.054901961	unknown	NM_001035.2:c.6970C>A	NP_001026.2:p.Leu2324Ile	MODERATE		missense_variant	Missense	deleterious	probably_damaging		COSM5631226, COSM5631227				
Y	PREVIOUSLY REPORTED IN HAEM-ONC	chr1:2489848 C/T	10040020	0	TNFRSF14	NM_003820.3	chr1	2489848	C/T	0	PASS	412	18	0.04368932	unknown	NM_003820.3:c.245C>T	NP_003811.2:p.Thr82Ile	MODERATE		missense_variant	Missense	deleterious	probably_damaging		COSM6987038, COSM6987039				LOC115110
Y		chr17:63049657 A/C	10010012	0	GNA13	NM_006572.5	chr17	63049657	A/C	0	PASS	325	8	0.024615385	unknown	NM_006572.5:c.473T>G	NP_006563.2:p.Ile158Arg	MODERATE		missense_variant	Missense	deleterious	probably_damaging		COSM221414				
Y		chr22:41545906 A/C	10010006	0	EP300	NM_001429.3	chr22	41545906	A/C	0	PASS	1501	11	0.007328448	unknown	NM_001429.3:c.2521A>C	NP_001420.2:p.Thr841Pro	MODERATE		missense_variant	Missense	tolerated_low_confidence	possibly_damaging						
Y		chr22:41545906 A/C	10010006	1	EP300	NM_001429.3	chr22	41545906	A/C	0	PASS	1405	10	0.007117438	unknown	NM_001429.3:c.2521A>C	NP_001420.2:p.Thr841Pro	MODERATE		missense_variant	Missense	tolerated_low_confidence	possibly_damaging						
Y		chr22:41545906 A/C	10010012	0	EP300	NM_001429.3	chr22	41545906	A/C	0	PASS	1740	15	0.00862069	unknown	NM_001429.3:c.2521A>C	NP_001420.2:p.Thr841Pro	MODERATE		missense_variant	Missense	tolerated_low_confidence	possibly_damaging						
Y		chr22:41545906 A/C	10010014	2	EP300	NM_001429.3	chr22	41545906	A/C	0	PASS	702	8	0.011396011	unknown	NM_001429.3:c.2521A>C	NP_001420.2:p.Thr841Pro	MODERATE		missense_variant	Missense	tolerated_low_confidence	possibly_damaging						
Y		chr22:41545906 A/C	10010024	0	EP300	NM_001429.3	chr22	41545906	A/C	0	PASS	1409	12	0.008516678	unknown	NM_001429.3:c.2521A>C	NP_001420.2:p.Thr841Pro	MODERATE		missense_variant	Missense	tolerated_low_confidence	possibly_damaging						
Y		chr22:41545906 A/C	10010024	3	EP300	NM_001429.3	chr22	41545906	A/C	0	PASS	1087	10	0.009199632	unknown	NM_001429.3:c.2521A>C	NP_001420.2:p.Thr841Pro	MODERATE		missense_variant	Missense	tolerated_low_confidence	possibly_damaging						
Y		chr22:41545906 A/C	10040020	1	EP300	NM_001429.3	chr22	41545906	A/C	0	PASS	1688	12	0.007109005	unknown	NM_001429.3:c.2521A>C	NP_001420.2:p.Thr841Pro	MODERATE		missense_variant	Missense	tolerated_low_confidence	possibly_damaging						
Y		chr22:41545906 A/C	10040020	2	EP300	NM_001429.3	chr22	41545906	A/C	0	PASS	1903	10	0.005254861	unknown	NM_001429.3:c.2521A>C	NP_001420.2:p.Thr841Pro	MODERATE		missense_variant	Missense	tolerated_low_confidence	possibly_damaging						
Y		chr22:41545906 A/C	10090007	3	EP300	NM_001429.3	chr22	41545906	A/C	0	PASS	1632	10	0.006127451	unknown	NM_001429.3:c.2521A>C	NP_001420.2:p.Thr841Pro	MODERATE		missense_variant	Missense	tolerated_low_confidence	possibly_damaging						
Y		chr22:41545906 A/C	10090011	2	EP300	NM_001429.3	chr22	41545906	A/C	0	PASS	577	9	0.01559792	unknown	NM_001429.3:c.2521A>C	NP_001420.2:p.Thr841Pro	MODERATE		missense_variant	Missense	tolerated_low_confidence	possibly_damaging						
Y		chr22:41545906 A/C	10090011	3	EP300	NM_001429.3	chr22	41545906	A/C	0	PASS	534	8	0.014981273	unknown	NM_001429.3:c.2521A>C	NP_001420.2:p.Thr841Pro	MODERATE		missense_variant	Missense	tolerated_low_confidence	possibly_damaging						
Y		chr22:41545906 A/C	10090013	3	EP300	NM_001429.3	chr22	41545906	A/C	0	PASS	658	10	0.015197568	unknown	NM_001429.3:c.2521A>C	NP_001420.2:p.Thr841Pro	MODERATE		missense_variant	Missense	tolerated_low_confidence	possibly_damaging						
Y		chr22:41545906 A/C	10400005	0	EP300	NM_001429.3	chr22	41545906	A/C	0	PASS	903	13	0.014396456	unknown	NM_001429.3:c.2521A>C	NP_001420.2:p.Thr841Pro	MODERATE		missense_variant	Missense	tolerated_low_confidence	possibly_damaging						
Y		chr22:41545906 A/C	10400005	1	EP300	NM_001429.3	chr22	41545906	A/C	0	PASS	1764	11	0.006235828	unknown	NM_001429.3:c.2521A>C	NP_001420.2:p.Thr841Pro	MODERATE		missense_variant	Missense	tolerated_low_confidence	possibly_damaging						
Y		chr22:41545906 A/C	10400005	3	EP300	NM_001429.3	chr22	41545906	A/C	0	PASS	1208	11	0.00910596	unknown	NM_001429.3:c.2521A>C	NP_001420.2:p.Thr841Pro	MODERATE		missense_variant	Missense	tolerated_low_confidence	possibly_damaging						
Y		chr22:41545906 A/C	10440010	1	EP300	NM_001429.3	chr22	41545906	A/C	0	PASS	1158	11	0.009499136	unknown	NM_001429.3:c.2521A>C	NP_001420.2:p.Thr841Pro	MODERATE		missense_variant	Missense	tolerated_low_confidence	possibly_damaging						
Y		chr3:38182032 C/G	10090011	0	MYD88	NM_001172567.1	chr3	38182032	C/G	0	PASS	1296	70	0.054012346	unknown	NM_001172567.1:c.656C>G	NP_001166038.1:p.Ser219Cys	MODERATE		missense_variant	Missense	deleterious	probably_damaging		COSM3357705, COSM85944				ACAA1
Y		chr3:38182032 C/G	10440010	0	MYD88	NM_001172567.1	chr3	38182032	C/G	0	PASS	1279	11	0.008600469	unknown	NM_001172567.1:c.656C>G	NP_001166038.1:p.Ser219Cys	MODERATE		missense_variant	Missense	deleterious	probably_damaging		COSM3357705, COSM85944				ACAA1
Y		chr3:38182259 T/C	10440010	0	MYD88	NM_001172567.1	chr3	38182259	T/C	0	PASS	726	12	0.016528926	unknown	NM_001172567.1:c.719T>C	NP_001166038.1:p.Met240Thr	MODERATE		missense_variant	Missense	deleterious	probably_damaging		COSM5417554, COSM85942				ACAA1
Y		chr3:38182641 T/C	10010006	0	MYD88	NM_001172567.1	chr3	38182641	T/C	0	PASS	955	233	0.243979058	unknown	NM_001172567.1:c.818T>C	NP_001166038.1:p.Leu273Pro	MODERATE	likely_pathogenic, pathogenic, uncertain_significance	missense_variant	Missense	deleterious	probably_damaging	0.001	COSM5416224, COSM85940	rs387907272	26619011, 21179087, 22931316, 23215570		ACAA1
Y		chr6:134493859 G/T	10460015	0	SGK1	NM_001143676.1	chr6	134493859	G/T	0	PASS	590	32	0.054237288	unknown	NM_001143676.1:c.888C>A	NP_001137148.1:p.Phe296Leu	MODERATE		missense_variant	Missense	deleterious	probably_damaging						
Y		chr6:134494192 T/A	10440010	0	SGK1	NM_001143676.1	chr6	134494192	T/A	0	PASS	633	8	0.012638231	unknown	NM_001143676.1:c.803A>T	NP_001137148.1:p.Tyr268Phe	MODERATE		missense_variant	Missense	tolerated	possibly_damaging						
Y		chr6:134495658 G/A	10090011	0	SGK1	NM_001143676.1	chr6	134495658	G/A	0	PASS	380	7	0.018421053	unknown	NM_001143676.1:c.428C>T	NP_001137148.1:p.Ala143Val	MODERATE		missense_variant	Missense	tolerated	benign	0.0001985		rs375777416			
Y		chr6:134495658 G/A	10440010	0	SGK1	NM_001143676.1	chr6	134495658	G/A	0	PASS	310	24	0.077419355	unknown	NM_001143676.1:c.428C>T	NP_001137148.1:p.Ala143Val	MODERATE		missense_variant	Missense	tolerated	benign	0.0001985		rs375777416			
Y		chr6:134495679 T/C	10440010	0	SGK1	NM_001143676.1	chr6	134495679	T/C	0	PASS	388	16	0.041237113	unknown	NM_001143676.1:c.407A>G	NP_001137148.1:p.Lys136Arg	MODERATE		missense_variant	Missense	tolerated	benign						
Y		chr6:134495706 C/T	10440010	0	SGK1	NM_001143676.1	chr6	134495706	C/T	0	PASS	457	8	0.01750547	unknown	NM_001143676.1:c.380G>A	NP_001137148.1:p.Arg127Lys	MODERATE		missense_variant	Missense	tolerated	benign		COSM220583, COSM220584, COSM4171468, COSM4171469, COSM4171470, COSM4171471, COSM4171472				
Y		chr6:134495716 T/G	10010014	0	SGK1	NM_001143676.1	chr6	134495716	T/G	0	PASS	151	18	0.119205298	unknown	NM_001143676.1:c.370A>C	NP_001137148.1:p.Lys124Gln	MODERATE		missense_variant	Missense	deleterious	possibly_damaging						
Y		chr6:37138309 C/G	10010024	0	PIM1	NM_001243186.1	chr6	37138309	C/G	0	PASS	276	11	0.039855072	unknown	NM_001243186.1:c.231C>G	NP_001230115.1:p.Ser77Arg	MODERATE		missense_variant	Missense	deleterious_low_confidence	benign	0.0000293		rs752112682			
Y		chr6:37138355 C/G	10460015	0	PIM1	NM_001243186.1	chr6	37138355	C/G	0	PASS	918	65	0.0708061	unknown	NM_001243186.1:c.277C>G	NP_001230115.1:p.Leu93Val	MODERATE		missense_variant	Missense	deleterious	probably_damaging		COSM220745, COSM220746				
Y	PREVIOUSLY REPORTED IN HAEM-ONC	chr6:37138380 C/T	10010006	0	PIM1	NM_001243186.1	chr6	37138380	C/T	0	PASS	849	53	0.062426384	unknown	NM_001243186.1:c.302C>T	NP_001230115.1:p.Ala101Val	MODERATE		missense_variant	Missense	deleterious	possibly_damaging		COSM1581461, COSM5715315				
Y	PREVIOUSLY REPORTED IN HAEM-ONC	chr6:37138554 G/A	10010006	0	PIM1	NM_001243186.1	chr6	37138554	G/A	0	PASS	686	61	0.088921283	unknown	NM_001243186.1:c.361G>A	NP_001230115.1:p.Glu121Lys	MODERATE		missense_variant	Missense	tolerated	benign		COSM4610656, COSM5949357	rs1451151403			
Y		chr6:37138769 C/T	10010014	0	PIM1	NM_001243186.1	chr6	37138769	C/T	0	PASS	226	11	0.048672566	unknown	NM_001243186.1:c.475C>T	NP_001230115.1:p.His159Tyr	MODERATE		missense_variant	Missense	tolerated	benign		COSM6936865, COSM6954167				
Y		chr6:37138916 G/A	10010006	0	PIM1	NM_001243186.1	chr6	37138916	G/A	0	PASS	948	34	0.035864979	unknown	NM_001243186.1:c.529G>A	NP_001230115.1:p.Val177Met	MODERATE		missense_variant	Missense	deleterious	benign		COSM4610149, COSM6982700				
Y		chr6:37138919 C/T	10010006	0	PIM1	NM_001243186.1	chr6	37138919	C/T	0	PASS	978	241	0.246421268	unknown	NM_001243186.1:c.532C>T	NP_001230115.1:p.Pro178Ser	MODERATE		missense_variant	Missense	deleterious	probably_damaging		COSM6935308				
Y		chr6:37138946 G/C	10010006	0	PIM1	NM_001243186.1	chr6	37138946	G/C	0	PASS	1211	10	0.008257638	unknown	NM_001243186.1:c.559G>C	NP_001230115.1:p.Val187Leu	MODERATE		missense_variant	Missense	tolerated	possibly_damaging		COSM4610023, COSM7206926				
Y		chr6:37138956 G/C	10010006	0	PIM1	NM_001243186.1	chr6	37138956	G/C	0	PASS	1242	183	0.147342995	unknown	NM_001243186.1:c.569G>C	NP_001230115.1:p.Gly190Ala	MODERATE		missense_variant	Missense	tolerated	possibly_damaging		COSM4171576, COSM4610153				
Y		chr6:37139033 C/T	10010006	0	PIM1	NM_001243186.1	chr6	37139033	C/T	0	PASS	1225	180	0.146938776	unknown	NM_001243186.1:c.646C>T	NP_001230115.1:p.Pro216Ser	MODERATE		missense_variant	Missense	tolerated	benign		COSM4610026, COSM4610416				
Y		chr6:37139210 C/T	10010006	0	PIM1	NM_001243186.1	chr6	37139210	C/T	0	PASS	1461	186	0.127310062	unknown	NM_001243186.1:c.823C>T	NP_001230115.1:p.Leu275Phe	MODERATE		missense_variant	Missense	deleterious	probably_damaging		COSM1731954, COSM6946939				
Y		chr6:37139238 T/G	10010024	0	PIM1	NM_001243186.1	chr6	37139238	T/G	0	PASS	1466	14	0.009549795	unknown	NM_001243186.1:c.851T>G	NP_001230115.1:p.Leu284Arg	MODERATE		missense_variant	Missense	deleterious	probably_damaging		COSM4171581				
Y		chr6:393222 C/G	10010024	0	IRF4	NM_002460.3	chr6	393222	C/G	0	PASS	708	29	0.040960452	unknown	NM_002460.3:c.70C>G	NP_002451.2:p.Leu24Val	MODERATE		missense_variant	Missense	deleterious	probably_damaging		COSM4171587				
Y		chr7:148508727 T/G	10040020	0	EZH2	NM_001203247.1	chr7	148508727	T/G	0	PASS	219	62	0.283105023	unknown	NM_001203247.1:c.1922A>C	NP_001190176.1:p.Tyr641Ser	MODERATE	likely_pathogenic	missense_variant	Missense	deleterious	benign		COSM220730, COSM220731, COSM3259630, COSM37028, COSM37029, COSM37032	rs267601394	26619011, 23023262, 24563539		
Y		chr7:148508727 T/G	10040020	1	EZH2	NM_001203247.1	chr7	148508727	T/G	0	PASS	270	16	0.059259259	unknown	NM_001203247.1:c.1922A>C	NP_001190176.1:p.Tyr641Ser	MODERATE	likely_pathogenic	missense_variant	Missense	deleterious	benign		COSM220730, COSM220731, COSM3259630, COSM37028, COSM37029, COSM37032	rs267601394	26619011, 23023262, 24563539		
Y		chr7:148508727 T/G	10040020	2	EZH2	NM_001203247.1	chr7	148508727	T/G	0	PASS	259	17	0.065637066	unknown	NM_001203247.1:c.1922A>C	NP_001190176.1:p.Tyr641Ser	MODERATE	likely_pathogenic	missense_variant	Missense	deleterious	benign		COSM220730, COSM220731, COSM3259630, COSM37028, COSM37029, COSM37032	rs267601394	26619011, 23023262, 24563539		
Y	PREVIOUSLY REPORTED IN HAEM-ONC	chr7:2977602 T/C	10010012	0	CARD11	NM_001324281.1	chr7	2977602	T/C	0	PASS	756	21	0.027777778	unknown	NM_001324281.1:c.1082A>G	NP_001311210.1:p.Tyr361Cys	MODERATE		missense_variant	Missense	deleterious	probably_damaging		COSM5710550, COSM674179				
Y	PREVIOUSLY REPORTED IN HAEM-ONC	chr7:2983886 T/G	10010012	0	CARD11	NM_001324281.1	chr7	2983886	T/G	0	PASS	1174	10	0.008517888	unknown	NM_001324281.1:c.644A>C	NP_001311210.1:p.Lys215Thr	MODERATE		missense_variant	Missense	deleterious	probably_damaging		COSM1089012				
Y		chr7:2984142 A/T	10440010	0	CARD11	NM_001324281.1	chr7	2984142	A/T	0	PASS	573	72	0.12565445	unknown	NM_001324281.1:c.388T>A	NP_001311210.1:p.Phe130Ile	MODERATE		missense_variant	Missense	deleterious	probably_damaging		COSM220933, COSM85865				
Y	PREVIOUSLY REPORTED IN HAEM-ONC	chr8:128750537 G/C	10010014	0	MYC	NM_002467.4	chr8	128750537	G/C	0	PASS	248	9	0.036290323	unknown	NM_002467.4:c.74G>C	NP_002458.2:p.Arg25Thr	MODERATE		missense_variant	Missense	deleterious	benign		COSM6208436, COSM6208437				CASC11
Y	PREVIOUSLY REPORTED IN HAEM-ONC	chr8:128750537 G/T	10460015	0	MYC	NM_002467.4	chr8	128750537	G/T	0	PASS	941	70	0.074388948	unknown	NM_002467.4:c.74G>T	NP_002458.2:p.Arg25Met	MODERATE		missense_variant	Missense	deleterious	possibly_damaging		COSM6208436, COSM6208437				CASC11
Y		chr17:63049846 C/T	10040020	0	GNA13	NM_006572.5	chr17	63049846	C/T	0	PASS	586	7	0.011945392	unknown	NM_006572.5:c.284G>A	NP_006563.2:p.Gly95Asp	MODERATE		missense_variant, splice_region_variant	Splice region	deleterious	probably_damaging						
Y		chr17:63049846 C/T	10040020	2	GNA13	NM_006572.5	chr17	63049846	C/T	0	PASS	764	8	0.010471204	unknown	NM_006572.5:c.284G>A	NP_006563.2:p.Gly95Asp	MODERATE		missense_variant, splice_region_variant	Splice region	deleterious	probably_damaging						
Y		chr1:237863529 G/T	10090013	0	RYR2	NM_001035.2	chr1	237863529	G/T	0	PASS	223	47	0.210762332	unknown	NM_001035.2:c.9129G>T	NP_001026.2:p.Arg3043Ser	MODERATE		missense_variant, splice_region_variant	Splice region	tolerated	probably_damaging						
Y		chr6:134495724 G/A	10440010	0	SGK1	NM_001143676.1	chr6	134495724	G/A	0	PASS	470	19	0.040425532	unknown	NM_001143676.1:c.362C>T	NP_001137148.1:p.Ala121Val	MODERATE		missense_variant, splice_region_variant	Splice region	tolerated	possibly_damaging	0	COSM3927938, COSM3927939, COSM3927940, COSM3927941, COSM3927942, COSM4170016, COSM4170017, COSM4170018, COSM4170019, COSM4170020	rs1363280581			
Y		chr7:2977665 T/C	10010012	0	CARD11	NM_001324281.1	chr7	2977665	T/C	0	PASS	614	91	0.148208469	unknown	NM_001324281.1:c.1019A>G	NP_001311210.1:p.Tyr340Cys	MODERATE		missense_variant, splice_region_variant	Splice region	deleterious	possibly_damaging						
Y		chr15:45007619 A/G	10090013	0	B2M	NM_004048.2	chr15	45007619	A/G	0	PASS	113	20	0.17699115	unknown	NM_004048.2:c.68-2A>G		HIGH		splice_acceptor_variant	Splice region				COSM309405, COSM4055095, COSM6210350, COSM6210351	rs111482205			
Y		chr17:7579556 ATCAAATCATCCATTGCTTGGGACGGCAAGGGGGACTGT/-	10010014	0	TP53	NM_000546.5	chr17	7579556	ATCAAATCATCCATTGCTTGGGACGGCAAGGGGGACTGT/-	0	PASS	214	9	0.042056075	unknown	NM_000546.5:c.97-4_131del		HIGH		splice_acceptor_variant, coding_sequence_variant, intron_variant	Splice region								
Y		chr15:45007901 T/-	10010024	0	B2M	NM_004048.2	chr15	45007901	T/-	0	PASS	454	8	0.017621145	unknown	NM_004048.2:c.346+2del		HIGH		splice_donor_variant	Splice region				COSM5054316, COSM5054317, COSM6946052, COSM6946053				
Y		chr15:45007901 T/A	10440010	0	B2M	NM_004048.2	chr15	45007901	T/A	0	PASS	536	219	0.40858209	heterozygous	NM_004048.2:c.346+2T>A		HIGH		splice_donor_variant	Splice region				COSM5054316, COSM5054317, COSM6946052, COSM6946053				
Y		chr12:49448439 C/T	10400005	0	KMT2D	NM_003482.3	chr12	49448439	C/T	0	PASS	502	12	0.023904382	unknown	NM_003482.3:c.272G>A	NP_003473.3:p.Trp91Ter	HIGH		stop_gained	Stop gain								
Y		chr16:11349093 C/T	10010024	0	SOCS1	NM_003745.1	chr16	11349093	C/T	0	PASS	366	14	0.038251366	unknown	NM_003745.1:c.243G>A	NP_003736.1:p.Trp81Ter	HIGH		stop_gained	Stop gain				COSM6209644				
Y		chr16:3790488 G/A	10010012	2	CREBBP	NM_004380.2	chr16	3790488	G/A	0	PASS	10303	1	0.0000971	unknown	NM_004380.2:c.4045C>T	NP_004371.2:p.Gln1349Ter	HIGH	pathogenic	stop_gained	Stop gain					rs587783489	18414213		
Y		chr16:3794922 G/A	10040020	0	CREBBP	NM_004380.2	chr16	3794922	G/A	0	PASS	319	100	0.313479624	unknown	NM_004380.2:c.3955C>T	NP_004371.2:p.Arg1319Ter	HIGH		stop_gained	Stop gain				COSM4848624				
Y		chr16:3794922 G/A	10040020	1	CREBBP	NM_004380.2	chr16	3794922	G/A	0	PASS	366	11	0.030054645	unknown	NM_004380.2:c.3955C>T	NP_004371.2:p.Arg1319Ter	HIGH		stop_gained	Stop gain				COSM4848624				
Y		chr16:3794922 G/A	10040020	2	CREBBP	NM_004380.2	chr16	3794922	G/A	0	PASS	337	12	0.035608309	unknown	NM_004380.2:c.3955C>T	NP_004371.2:p.Arg1319Ter	HIGH		stop_gained	Stop gain				COSM4848624				
Y		chr17:62007636 C/T	10010024	0	CD79B	NM_001039933.2	chr17	62007636	C/T	0	PASS	849	21	0.024734982	unknown	NM_001039933.2:c.231G>A	NP_001035022.1:p.Trp77Ter	HIGH		stop_gained	Stop gain								
Y		chr1:120458372 G/A	10090013	0	NOTCH2	NM_024408.3	chr1	120458372	G/A	0	PASS	378	67	0.177248677	unknown	NM_024408.3:c.6973C>T	NP_077719.2:p.Gln2325Ter	HIGH		stop_gained	Stop gain				COSM329077			CM112324	
Y		chr6:134495713 G/A	10440010	0	SGK1	NM_001143676.1	chr6	134495713	G/A	0	PASS	479	26	0.054279749	unknown	NM_001143676.1:c.373C>T	NP_001137148.1:p.Gln125Ter	HIGH		stop_gained	Stop gain			0.0001163		rs371813326			
Y		chr6:138202334 G/T	10010024	0	TNFAIP3	NM_006290.3	chr6	138202334	G/T	0	PASS	516	24	0.046511628	unknown	NM_006290.3:c.2251G>T	NP_006281.1:p.Glu751Ter	HIGH		stop_gained	Stop gain				COSM35908				
Y		chr6:37138625 C/G	10010006	0	PIM1	NM_001243186.1	chr6	37138625	C/G	0	PASS	833	71	0.085234094	unknown	NM_001243186.1:c.432C>G	NP_001230115.1:p.Tyr144Ter	HIGH		stop_gained	Stop gain				COSM327133				
Y		chr6:37138627 C/G	10010006	0	PIM1	NM_001243186.1	chr6	37138627	C/G	0	PASS	836	71	0.08492823	unknown	NM_001243186.1:c.434C>G	NP_001230115.1:p.Ser145Ter	HIGH		stop_gained	Stop gain								
Y		chr6:37139039 C/T	10010006	0	PIM1	NM_001243186.1	chr6	37139039	C/T	0	PASS	1201	177	0.147377186	unknown	NM_001243186.1:c.652C>T	NP_001230115.1:p.Gln218Ter	HIGH		stop_gained	Stop gain			0.0000088	COSM327134	rs1424236855			
Y		chr8:128750614 C/T	10460015	0	MYC	NM_002467.4	chr8	128750614	C/T	0	PASS	932	64	0.068669528	unknown	NM_002467.4:c.151C>T	NP_002458.2:p.Gln51Ter	HIGH		stop_gained	Stop gain								CASC11
